idx,token,ar_score,ar_nc,ar_dac,ar_ep,ar_ttc,ar_comfort,human_score
0,f74148c131c15381,0.9673341559953091,1.0,1.0,0.9216019743887419,1.0,1.0,0.9693201905065312
1,291d82d04ec359e0,0.9197161207357235,1.0,1.0,0.8073186897657367,1.0,1.0,0.8955549755610731
2,56780fc1a6bc53a8,1.0,1.0,1.0,1.0,1.0,1.0,1.0
